_id,correlation_id,id,latency
6685660d7c4a919492a8e3df,ca848deb-f56e-433f-b9c9-abed8c989b21,69353673,1.1985538005828857
6685660e7c4a919492a8e3e0,f72515f2-b00a-4ce7-a41f-025849f8db41,69353673,1.6998825073242188
6685660f7c4a919492a8e3e1,14e0ecf4-9691-4859-af88-522b2f6e2b91,69353673,1.7240233421325684
668566107c4a919492a8e3e2,f4ce0e70-a09d-4a54-91ef-42a60eeb84b9,69353673,2.876896858215332
668566117c4a919492a8e3e3,75c83948-660c-40db-99a6-ae8849ac49b9,69353673,2.347872257232666
668566127c4a919492a8e3e4,47083a15-9d48-43e3-9b1f-2ac8a3364ff9,69353673,2.9366455078125
668566137c4a919492a8e3e5,97dfbce4-cb99-45a6-94e2-6085cdbd9ad6,69353673,3.6720635890960693
668566147c4a919492a8e3e6,c86cf35a-308b-4160-85fd-a5126729701b,69353673,4.151825189590454
668566157c4a919492a8e3e7,52061b1b-e898-4693-ad47-f2e56715c8fb,69353673,4.180461406707764
668566187c4a919492a8e3e8,3e4a395e-14ec-42b5-afa9-fc90e5aefdb3,69353673,6.572156667709351
668566197c4a919492a8e3e9,82a0bb00-d4c7-407b-9139-7473643c7979,69353673,7.085432291030884
6685661b7c4a919492a8e3ea,276adec8-5031-4bef-b4f2-f99b40dd0367,69353673,7.959394454956055
6685661c7c4a919492a8e3eb,b78ee971-01b9-4742-aade-c2545f2f7dbe,69353673,7.89446496963501
6685661e7c4a919492a8e3ec,5a4b41e2-16a2-4864-83b2-c86d45219de5,69353673,1.2451403141021729
668566207c4a919492a8e3ed,d70fb11b-f3b7-45f3-8adb-f695c93fefa8,69353673,3.2482736110687256
668566217c4a919492a8e3ee,f3a5f939-f38d-4202-a07d-e94d80f2a788,69353673,3.9715397357940674
668566227c4a919492a8e3ef,cfa13b4f-b030-4769-9433-99ff544ccdae,69353673,5.574429035186768
668566237c4a919492a8e3f0,662427d8-c6df-4bb9-96ca-e71dceaf8e97,69353673,5.919283390045166
668566247c4a919492a8e3f1,01f06181-4134-4aa2-9c4b-8fd21a5bd63e,69353673,4.633289337158203
668566257c4a919492a8e3f2,6b1863e1-1158-49ec-8412-94bf94e4e556,69353673,4.5392444133758545
